Time,Voltage,Current,Total mAh,Temperature
0.029893159866333008,3.378443,5.962,0.8280555555555555,22.375
0.5302681922912598,3.381783,5.962,1.656111111111111,22.375
1.0324110984802246,3.386104,5.962,2.484166666666667,22.375
1.5267646312713623,3.389099,5.962,3.312222222222222,22.375
