Time,Voltage,Current,Total mAh,Temperature
0.034903764724731445,3.520886,0.004,0.0005555555555555556,25.062
