Time,Voltage,Current,Total mAh,Temperature
0.06101036071777344,0.00359,0.003382,0.00046972222222222223,25.062
