Time,Voltage,Current,Total mAh,Temperature
0.05275988578796387,0.001534,0.001576,0.00021888888888888885,25.0
