Time,Voltage,Current,Total mAh,Temperature
0.9291932582855225,4.203785,0.004,0.0005555555555555556,23.5
