Time,Voltage,Current,Total mAh,Temperature
0.05049467086791992,0.002776,0.003068,0.0004261111111111111,25.062
