Time,Voltage,Current,Total mAh,Temperature
0.0452878475189209,3.521074,0.004,0.0005555555555555556,25.062
