Time,Voltage,Current,Total mAh,Temperature
0.8737363815307617,4.205444,0.004,0.0005555555555555556,23.437
