Time,Voltage,Current,Total mAh,Temperature
0.03283977508544922,4.207626,0.005,0.0006944444444444445,23.812
