Time,Voltage,Current,Total mAh,Temperature
0.03481245040893555,4.209692,0.005,0.0006944444444444445,25.062
