Time,Voltage,Current,Total mAh,Temperature
0.06342744827270508,0.000501,0.000793,0.00011013888888888888,26.937
