Time,Voltage,Current,Total mAh,Temperature
0.02993011474609375,4.208283,0.004,0.0005555555555555556,25.0
