Time,Voltage,Current,Total mAh,Temperature
0.05951118469238281,0.003152,0.00287,0.00039861111111111114,23.812
