Time,Voltage,Current,Total mAh,Temperature
0.9488871097564697,0.000511,0.000198,2.7499999999999998e-05,23.562
