Time,Voltage,Current,Total mAh,Temperature
0.05585455894470215,4.208837,0.005,0.0006944444444444445,25.062
